{
  "project_info": {
    "project_number": "327266551227",
    "firebase_url": "https://eztracker1-da005.firebaseio.com",
    "project_id": "eztracker1-da005",
    "storage_bucket": "eztracker1-da005.appspot.com"
  },
  "client": [
    {
      "client_info": {
        "mobilesdk_app_id": "1:327266551227:android:24c99fb4eb641d0b",
        "android_client_info": {
          "package_name": "com.example.ryan.myapplication"
        }
      },
      "oauth_client": [
        {
          "client_id": "327266551227-08iok8vorco140ilo7qnbb5ode94ssfe.apps.googleusercontent.com",
          "client_type": 1,
          "android_info": {
            "package_name": "com.example.ryan.myapplication",
            "certificate_hash": "6075abfe03ddbf19edbd8c236ef7ffb5224ddf17"
          }
        },
        {
          "client_id": "327266551227-4tcb8i86ckrtsp2kig9cipktqrc6espg.apps.googleusercontent.com",
          "client_type": 3
        }
      ],
      "api_key": [
        {
          "current_key": "AIzaSyAvxUIgcoZ7VzHeLhMBKMJS0ifnNWmUodA"
        }
      ],
      "services": {
        "analytics_service": {
          "status": 1
        },
        "appinvite_service": {
          "status": 2,
          "other_platform_oauth_client": [
            {
              "client_id": "327266551227-4tcb8i86ckrtsp2kig9cipktqrc6espg.apps.googleusercontent.com",
              "client_type": 3
            }
          ]
        },
        "ads_service": {
          "status": 2
        }
      }
    }
  ],
  "configuration_version": "1"
}